caso;id_caso;modelo;tipo_renta;modalidad;ejercicio;periodo_informado;periodo_calculado;fecha_devengo;fecha_presentacion;estado;estado_qa;estado_plazo;inicio_plazo;fin_plazo;fin_domiciliacion;errores;advertencias;acciones_qa;reglas_aplicadas;reglas_ejecutadas;version_normativa
1;;210I;02;individual;2026;0A;0A;2026-12-31;2027-04-01;Correcto;Revisar;En plazo nominal;2027-04-01;2027-12-31;2027-12-23;;CALENDARIO_NOMINAL (plazoPresentacion): Los plazos no incorporan prórrogas ni ajustes del calendario oficial por días inhábiles.;Contrasta las fechas con el calendario AEAT de la campaña antes de dar por válido el plazo.;"[{""codigo"": ""MODELO_POR_RENTA"", ""descripcion"": ""Clasificación mediante catálogo de tipos de renta."", ""fuente"": ""https://sede.agenciatributaria.gob.es/Sede/todas-gestiones/impuestos-tasas/impuesto-sobre-renta-no-residentes/modelo-210-irnr______a-no-residentes-permanente_/instrucciones.html""}, {""codigo"": ""PERIODO_INDIVIDUAL"", ""descripcion"": ""Declaración separada: período 0A."", ""fuente"": ""https://sede.agenciatributaria.gob.es/Sede/todas-gestiones/impuestos-tasas/impuesto-sobre-renta-no-residentes/modelo-210-irnr______a-no-residentes-permanente_/instrucciones.html""}, {""codigo"": ""I_DEVENGO_ANUAL"", ""descripcion"": ""Devengo de imputación el 31 de diciembre."", ""fuente"": ""https://sede.agenciatributaria.gob.es/Sede/todas-gestiones/impuestos-tasas/impuesto-sobre-renta-no-residentes/modelo-210-irnr______a-no-residentes-permanente_/instrucciones.html""}, {""codigo"": ""I_PLAZO_2026"", ""descripcion"": ""Plazo de imputación determinado por el ejercicio de devengo."", ""fuente"": ""https://www.boe.es/eli/es/o/2026/06/12/hac623""}, {""codigo"": ""I_CAMPOS_2027"", ""descripcion"": ""Nuevos campos exigibles por fecha de presentación."", ""fuente"": ""https://www.boe.es/eli/es/o/2026/06/12/hac623""}, {""codigo"": ""SAGE_CLAVE_CATASTRAL"", ""descripcion"": ""Mapeo territorial configurado según requisito Sage."", ""fuente"": ""Requisito funcional del usuario""}]";"[{""codigo"": ""AEAT_PERIODO"", ""version"": ""1"", ""fuente"": ""https://sede.agenciatributaria.gob.es/Sede/todas-gestiones/impuestos-tasas/impuesto-sobre-renta-no-residentes/modelo-210-irnr______a-no-residentes-permanente_/instrucciones.html"", ""estado"": ""Ejecutada""}, {""codigo"": ""AEAT_210I"", ""version"": ""2026-10-08"", ""fuente"": ""https://sede.agenciatributaria.gob.es/Sede/todas-gestiones/impuestos-tasas/impuesto-sobre-renta-no-residentes/modelo-210-irnr______a-no-residentes-permanente_/instrucciones.html"", ""estado"": ""Ejecutada""}]";2026-10-08
2;;210H;28;individual;2026;0A;0A;2026-11-15;;Correcto;Revisar;No comprobado;2026-12-16;2027-03-15;;;CALENDARIO_NOMINAL (plazoPresentacion): Los plazos no incorporan prórrogas ni ajustes del calendario oficial por días inhábiles.;Contrasta las fechas con el calendario AEAT de la campaña antes de dar por válido el plazo.;"[{""codigo"": ""MODELO_POR_RENTA"", ""descripcion"": ""Clasificación mediante catálogo de tipos de renta."", ""fuente"": ""https://sede.agenciatributaria.gob.es/Sede/todas-gestiones/impuestos-tasas/impuesto-sobre-renta-no-residentes/modelo-210-irnr______a-no-residentes-permanente_/instrucciones.html""}, {""codigo"": ""PERIODO_INDIVIDUAL"", ""descripcion"": ""Declaración separada: período 0A."", ""fuente"": ""https://sede.agenciatributaria.gob.es/Sede/todas-gestiones/impuestos-tasas/impuesto-sobre-renta-no-residentes/modelo-210-irnr______a-no-residentes-permanente_/instrucciones.html""}, {""codigo"": ""H_PLAZO_TRANSMISION"", ""descripcion"": ""Tres meses de presentación tras transcurrir un mes desde transmisión."", ""fuente"": ""https://www.boe.es/eli/es/o/2026/06/12/hac623""}]";"[{""codigo"": ""AEAT_PERIODO"", ""version"": ""1"", ""fuente"": ""https://sede.agenciatributaria.gob.es/Sede/todas-gestiones/impuestos-tasas/impuesto-sobre-renta-no-residentes/modelo-210-irnr______a-no-residentes-permanente_/instrucciones.html"", ""estado"": ""Ejecutada""}, {""codigo"": ""AEAT_210H"", ""version"": ""2026-10-08"", ""fuente"": ""https://sede.agenciatributaria.gob.es/Sede/todas-gestiones/impuestos-tasas/impuesto-sobre-renta-no-residentes/modelo-210-irnr______a-no-residentes-permanente_/instrucciones.html"", ""estado"": ""Ejecutada""}]";2026-10-08
3;;210R;04;agrupada;2026;4T;4T;2026-11-15;;Correcto;Revisar;No comprobado;2027-01-01;2027-01-20;2027-01-15;;"AGRUPACION_PARCIAL (agrupacion): Se valida período y clave; faltan comprobaciones de pagador, bien, contribuyente, gravamen y no compensación.
FECHA_AUXILIAR_AGRUPACION (fechaDevengo): Fecha usada para análisis; la casilla fecha de devengo no se cumplimenta en una agrupación.
CALENDARIO_NOMINAL (plazoPresentacion): Los plazos no incorporan prórrogas ni ajustes del calendario oficial por días inhábiles.";"Revisa el campo indicado y la regla aplicada; corrige los datos o documenta el resultado de la revisión.
Revisa el campo indicado y la regla aplicada; corrige los datos o documenta el resultado de la revisión.
Contrasta las fechas con el calendario AEAT de la campaña antes de dar por válido el plazo.";"[{""codigo"": ""MODELO_POR_RENTA"", ""descripcion"": ""Clasificación mediante catálogo de tipos de renta."", ""fuente"": ""https://sede.agenciatributaria.gob.es/Sede/todas-gestiones/impuestos-tasas/impuesto-sobre-renta-no-residentes/modelo-210-irnr______a-no-residentes-permanente_/instrucciones.html""}, {""codigo"": ""AGRUPACION_TRIMESTRAL"", ""descripcion"": ""Agrupación a ingresar del mismo trimestre."", ""fuente"": ""https://sede.agenciatributaria.gob.es/Sede/todas-gestiones/impuestos-tasas/impuesto-sobre-renta-no-residentes/modelo-210-irnr______a-no-residentes-permanente_/instrucciones.html""}, {""codigo"": ""R_PLAZO_TRIMESTRAL"", ""descripcion"": ""Plazo ordinario posterior al trimestre de devengo."", ""fuente"": ""https://sede.agenciatributaria.gob.es/Sede/todas-gestiones/impuestos-tasas/impuesto-sobre-renta-no-residentes/modelo-210-irnr______a-no-residentes-permanente_/instrucciones.html""}]";"[{""codigo"": ""AEAT_PERIODO"", ""version"": ""1"", ""fuente"": ""https://sede.agenciatributaria.gob.es/Sede/todas-gestiones/impuestos-tasas/impuesto-sobre-renta-no-residentes/modelo-210-irnr______a-no-residentes-permanente_/instrucciones.html"", ""estado"": ""Ejecutada""}, {""codigo"": ""AEAT_210R"", ""version"": ""2026-10-08"", ""fuente"": ""https://sede.agenciatributaria.gob.es/Sede/todas-gestiones/impuestos-tasas/impuesto-sobre-renta-no-residentes/modelo-210-irnr______a-no-residentes-permanente_/instrucciones.html"", ""estado"": ""Ejecutada""}]";2026-10-08
4;;210R;01;individual;2026;4T;0A;2026-11-15;;Incorrecto;Bloqueado;No comprobado;2027-04-01;2027-04-20;2027-04-15;"PERIODO_INCOMPATIBLE (periodo): Período esperado: 0A; informado: 4T.";CALENDARIO_NOMINAL (plazoPresentacion): Los plazos no incorporan prórrogas ni ajustes del calendario oficial por días inhábiles.;"Revisa si las rentas se declaran individualmente o agrupadas y compara el período con el esperado.
Contrasta las fechas con el calendario AEAT de la campaña antes de dar por válido el plazo.";"[{""codigo"": ""MODELO_POR_RENTA"", ""descripcion"": ""Clasificación mediante catálogo de tipos de renta."", ""fuente"": ""https://sede.agenciatributaria.gob.es/Sede/todas-gestiones/impuestos-tasas/impuesto-sobre-renta-no-residentes/modelo-210-irnr______a-no-residentes-permanente_/instrucciones.html""}, {""codigo"": ""PERIODO_INDIVIDUAL"", ""descripcion"": ""Declaración separada: período 0A."", ""fuente"": ""https://sede.agenciatributaria.gob.es/Sede/todas-gestiones/impuestos-tasas/impuesto-sobre-renta-no-residentes/modelo-210-irnr______a-no-residentes-permanente_/instrucciones.html""}, {""codigo"": ""R_ALQUILER_PLAZO_2026"", ""descripcion"": ""Nuevo plazo de alquileres; transición separada desde cuarto trimestre 2026."", ""fuente"": ""https://www.boe.es/eli/es/o/2026/06/12/hac623""}]";"[{""codigo"": ""AEAT_PERIODO"", ""version"": ""1"", ""fuente"": ""https://sede.agenciatributaria.gob.es/Sede/todas-gestiones/impuestos-tasas/impuesto-sobre-renta-no-residentes/modelo-210-irnr______a-no-residentes-permanente_/instrucciones.html"", ""estado"": ""Ejecutada""}, {""codigo"": ""AEAT_210R"", ""version"": ""2026-10-08"", ""fuente"": ""https://sede.agenciatributaria.gob.es/Sede/todas-gestiones/impuestos-tasas/impuesto-sobre-renta-no-residentes/modelo-210-irnr______a-no-residentes-permanente_/instrucciones.html"", ""estado"": ""Ejecutada""}]";2026-10-08
